Vote,Description,Category,Date,Desired,Outcome,Outcome Details,Weight,Ken Sim,Brian Montague,Sarah Kirby-Yung,Mike Klassen,Lenny Zhou,Peter Meiszner,Lisa Dominato,Rebecca Bligh,Pete Fry,Adriane Carr,Christine Boyle,Lucy Maloney,Sean Orr,News Link,Meeting Minutes,voteId,strike-and-replace,reconciled
Renter Office closure,"Renter Office helped with tenant rights. Cost $600,000/year to run.",Housing,2023-01-18,Fail,Pass,The ABC majority voted to end the city's Renter Office with a last-minute amendment to a staff report that recommended it continue.,2,Supported,Supported,Supported,Supported,Proposed,Supported,Supported,Supported,Opposed,Opposed,Opposed,,,https://www.cbc.ca/news/canada/british-columbia/vancouver-renter-office-1.6718896,https://council.vancouver.ca/20230118/documents/pspc20230118min.pdf,8959,,TRUE
Increasing Renewable Energy,Directs the City to increase its supply of climate-smart renewable energy.,Environment,2023-01-31,Pass,Pass,Feel good motion that didn't change much and was largely undone by decisions a year later to allow natural gas in new buildings.,1,Supported,Supported,Supported,Supported,Supported,Supported,Supported,Supported,Supported,Proposed,Supported,,,https://vancouver.ca/files/cov/2024-04-18-memo-to-mayor-and-council-increasing-supply-of-renewable-energy.pdf,https://council.vancouver.ca/20230131/documents/regu20230131min.pdf,8970,,TRUE
Single-use cup fee repeal,"Repeals Vancouver's 25-cent single-use beverage cup fee, reducing a direct cost for customers.",Affordability,2023-02-15,Pass,Pass,Disposable cups are free at coffee shops.,1,,Supported,Supported,Supported,Supported,Supported,Absent,Proposed,Opposed,Opposed,Opposed,,,https://vancouver.citynews.ca/2023/02/15/vancouver-cup-fee-repealed-2/,https://council.vancouver.ca/20230215/documents/pspc20230215min.pdf,9042,,TRUE
Single-use cup fee repeal,"Repeals Vancouver's 25-cent single-use beverage cup fee, reducing a direct cost for customers.",Environment,2023-02-15,Fail,Pass,More garbage from single-use cups.,1,,Supported,Supported,Supported,Supported,Supported,Absent,Proposed,Opposed,Opposed,Opposed,,,https://vancouver.citynews.ca/2023/02/15/vancouver-cup-fee-repealed-2/,https://council.vancouver.ca/20230215/documents/pspc20230215min.pdf,9042,,TRUE
Social housing near Italian Cultural Centre,64 social housing units in a six-storey building.,Housing,2023-02-21,Pass,Pass,"Despite approximately 100 people speaking out against the proposal, council approved it.",1,Absent,Supported,Supported,Supported,Supported,Supported,Supported,Supported,Supported,Supported,Supported,,,https://vancouver.citynews.ca/2023/02/15/vancouver-supportive-housing-italian-cultural-centre/,https://council.vancouver.ca/20230214/documents/phea20230214min.pdf,9031,,TRUE
2023 operating budget,"Sets the city's tax, policing, service, and infrastructure priorities for the year.",Affordability,2023-02-28,Fail,Pass,The final budget passed with a 10.7% property-tax increase; the tax increase was the largest in more than a decade.,2,Supported,Supported,Supported,Supported,Supported,Supported,Supported,Supported,Supported,Supported,Opposed,,,https://www.cbc.ca/news/canada/british-columbia/vancouver-budget-property-tax-increase-1.6763926,https://council.vancouver.ca/20230228/documents/spec20230228min.pdf,9063,,TRUE
Hire 100 police officers,Half of ABC's 100 police and 100 nurses promise.,Safety,2023-02-28,Pass,Pass,"12% increase to police budget, including $8.0 million for enabling hiring.",1,Supported,Supported,Supported,Supported,Supported,Supported,Supported,Supported,Opposed,Opposed,Opposed,,,https://www.cbc.ca/news/canada/british-columbia/vancouver-budget-property-tax-increase-1.6763926,https://council.vancouver.ca/20230228/documents/spec20230228min.pdf,9062,,TRUE
Broadway active-transport lanes,City Staff gave council two options for the Broadway street design - one with active transportation lanes and one without.,Transportation,2023-03-30,Pass,Fail,"Christine Boyle (OneCity) pushed for bike lanes, but Brian Montague and ABC voted against bike lanes.",2,Opposed,Amended,Absent,Opposed,Opposed,Opposed,Opposed,Absent,Supported,Supported,Proposed,,,https://vancouver.citynews.ca/2023/03/30/vancouver-broadway-bike-lane-vote/,https://council.vancouver.ca/20230329/documents/pspc20230329min_000.pdf,9138,TRUE,TRUE
Climate-resilient multifamily buildings,Directs action to improve climate resilience and reduce emissions in existing multifamily buildings.,Environment,2023-04-12,Pass,Pass,Launched a funding program to help retrofit older apartments.,1,Absent,Absent,Supported,Proposed,Supported,Supported,Supported,Supported,Supported,Supported,Supported,,,https://vancouver.ca/news-calendar/new-pilot-program-offers-funding-to-retrofit-market-rental-buildings.aspx,https://council.vancouver.ca/20230412/documents/cfsc20230412min.pdf,9174,,TRUE
Cornwall Avenue safety speed reduction,After a fatal crash at Cornwall,Safety,2023-04-26,Pass,Pass,Council amended the proposed 30 km/h limit to 40 km/h and carried the amended motion.,1,Absent,Absent,Absent,Supported,Supported,Supported,Supported,Absent,Proposed,Supported,Proposed,,,https://dailyhive.com/vancouver/cornwall-avenue-kitsilano-avenue-lower-speed-limit-2023,https://council.vancouver.ca/20230426/documents/pspc20230426min.pdf,9215,TRUE,TRUE
Empty Homes Tax Frozen,Keeps the Empty Homes Tax at 3% rather than increasing it to 5%.,Housing,2023-05-10,Fail,Pass,Council approved the report-back motion without increasing the Empty Homes Tax to 5%; the higher rate would have generated an estimated $20 million annually for affordable housing.,1,Absent,Supported,Supported,Supported,Supported,Supported,Proposed,Supported,Amended,Opposed,Amended,,,https://www.cbc.ca/news/canada/british-columbia/vancouver-empty-home-tax-increases-1.6839316,https://council.vancouver.ca/20230510/documents/cfsc20230510min.pdf,9262,,TRUE
Supervised-consumption spaces,"Directs the City not to enforce the indoor-smoking prohibition for Health Canada-approved supervised-consumption sites that meet WorkSafeBC requirements, enabling supervised inhalation services.",Safety,2023-05-31,Pass,Pass,Council adopted the resolution unanimously. It applied for two years and directed staff to evaluate the spaces and report back.,1,Absent,Supported,Supported,Supported,Supported,Supported,Supported,Absent,Supported,Supported,Absent,,,https://globalnews.ca/news/9730880/indoor-smoking-vancouver-supervised-consumption-sites/,https://council.vancouver.ca/20230531/documents/pspc20230531min.pdf,9301,,TRUE
Accelerated Climate Measures,"Direction to staff to accelerate climate measures, including supporting active transportation, EVs, heat pumps",Environment,2023-06-14,Pass,Pass,Set positive early signals but most action was most undone or paused by later ABC policy moves.,1,Supported,Supported,Supported,Supported,Supported,Supported,Supported,Supported,Supported,Proposed,Supported,,,https://dailyhive.com/vancouver/vancouver-climate-emergency-action-plan-cost,https://council.vancouver.ca/20230614/documents/cfsc20230614min.pdf,9332,,TRUE
Temporary modular-housing lease extension,"Directs staff to renew or extend temporary modular-housing leases, find longer-term sites, and avoid a net loss of supportive-housing units while permanent housing is built.",Housing,2023-07-12,Pass,Fail,98 units of housing downtown were shutdown to make room for a new Vancouver Art Gallery that never happened.,2,Opposed,Opposed,Opposed,Opposed,Opposed,Opposed,Opposed,Absent,Supported,Supported,Proposed,,,https://vancouver.citynews.ca/2023/07/12/vancouver-modular-housing-lease-motion-fails/,https://council.vancouver.ca/20230712/documents/cfsc20230712min.pdf,9415,,TRUE
Missing-middle multiplex zoning,Incremental proposal from City planners to allow multiplexes in more neighbourhoods with only a small increase in density.,Housing,2023-09-14,Pass,Pass,Passed unanimously.,2,Supported,Supported,Proposed,Supported,Supported,Supported,Supported,Supported,Supported,Supported,Supported,,,https://globalnews.ca/news/9964293/vancouver-missing-middle-plan/,https://council.vancouver.ca/20230914/documents/phea20230914min.pdf,9497,,TRUE
Hastings rapid-transit prioritized over 41st/49th,Shfting the focus away from the 41st/49th Avenue Corridor to the Hastings Street Corridor.,Transportation,2023-10-04,Fail,Pass,"Council endorsed the shift to focus on Hastings, but the 41st/49th buses are the 2nd and 3rd busiest in the region while the R5 down Hastings is the 10th busiest bus route.",1,Absent,Supported,Proposed,Supported,Supported,Supported,Supported,Abstained,Opposed,Opposed,Opposed,,,https://dailyhive.com/vancouver/vancouver-hastings-street-rapid-transit-study-support-approval,https://council.vancouver.ca/20231004/documents/pspc20231004min.pdf,9516,,TRUE
Granville-Robson scramble crossing,Approves a crossing where pedestrians can move through the intersection in every direction.,Urbanism,2023-10-17,Pass,Pass,Council unanimously approved a Granville–Robson pedestrian-scramble pilot and requested a follow-up report.,1,Supported,Supported,Supported,Supported,Supported,Proposed,Supported,Supported,Supported,Supported,Supported,,,https://vancouver.citynews.ca/2023/10/17/vancouver-pedestrian-scramble-granville-robson/,https://council.vancouver.ca/20231017/documents/regu20231017min.pdf,9536,,TRUE
Sanctioning Cllr Boyle for Integrity Violation,Deciding whether to sanction Councillor Christine Boyle after she disparaged the mayor's chief of staff.,Governance,2023-10-31,Pass,Pass,Council unanimously endorsed the Integrity Commissioner’s recommended sanctions.,1,Absent,Supported,Absent,Supported,Supported,Supported,Supported,Supported,Supported,Supported,Absent,,,https://vancouver.citynews.ca/2023/10/08/integrity-comissioner-christine-boyle-ken-sim-complaint/,https://council.vancouver.ca/20231031/documents/regu20231031min.pdf,9598,,TRUE
Intersection safety cameras,Aimed to bring in more red light and speed cameras to Vancouver to reduce crashes.,Safety,2023-11-01,Pass,Fail,ABC used a strike-and-replace to kill the original motion and replace it with an ask for staff to study the issue more.,1,Opposed,Amended,Opposed,Opposed,Opposed,Opposed,Opposed,Opposed,Supported,Supported,Proposed,,,https://vancouver.citynews.ca/2023/11/01/vancouver-speed-red-light-cameras/,https://council.vancouver.ca/20231101/documents/pspc20231101min.pdf,9608,TRUE,TRUE
Increased near under-utilized schools,Intended to increase family-friendly density near under-utilized schools and seek out opportunities to work with the Vancouver School Board.,Housing,2023-11-15,Pass,Pass,"Great idea. Was encorporated a few years later into the Villages Plan, which saw the biggest pushbacks to density in Dunbar next to the most underenrolled schools in the city.",1,Absent,Supported,Supported,Supported,Proposed,Absent,Supported,Supported,Supported,Supported,Supported,,,https://vancouver.citynews.ca/2023/11/15/vancouver-housing-motion-mayor-sim/,https://council.vancouver.ca/20231115/documents/cfsc20231115min.pdf,9653,,TRUE
Densify Shaughnessy ,A motion open up one the most exclussivley zoned cities in Vancouver to shops and apartments.,Housing,2023-11-15,Pass,Fail,The motion failed. The neighborhood that has seen its population drop over the past 60 years remains exclusive.,1,Opposed,Opposed,Opposed,Opposed,Opposed,Absent,Opposed,Opposed,Supported ,Supported ,Proposed,,,https://vancouver.citynews.ca/2023/11/15/shaughnessy-densify-housing-fails-city-council/,https://council.vancouver.ca/20231115/documents/cfsc20231115min.pdf,9652,,TRUE
West-side parking minimums,Removes required minimum off-street parking in major west-side areas.,Urbanism,2023-11-15,Pass,Pass,"Removed minimum general-purpose parking requirements for new developments in the West End and Broadway Plan areas; accessible, visitor, bicycle, and loading spaces remained required.",2,Supported,Supported,Supported,Supported,Supported,Absent,Supported,Absent,Supported,Supported,Supported,,,https://vancouver.citynews.ca/2023/11/16/vancouver-minimum-parking-requirements-removed/,https://council.vancouver.ca/20231115/documents/cfsc20231115min.pdf,9650,,TRUE
Park Board abolition request,Begins transferring parks and recreation governance from the elected Park Board to Council.,Governance,2023-12-13,Fail,Pass,Province didn't follow through with Ken Sim's request to abolish the Park Board.,2,Proposed,Supported,Supported,Supported,Supported,Supported,Supported,Supported,Opposed,Abstained,Opposed,,,https://globalnews.ca/news/10168076/vancouver-council-park-board-vote/,https://council.vancouver.ca/20231213/documents/cfsc20231213min.pdf,9737,,TRUE
Water Street pedestrian pilot,"Tests a more pedestrian-oriented, car-free Water Street in Gastown.",Urbanism,2024-02-07,Pass,Pass,Council approved the July–August 2024 Gastown pedestrian-zone pilot; the amendment was defeated.,1,Supported,Supported,Proposed,Supported,Absent,Supported,Supported,Supported,Supported,Supported,Supported,,,https://vancouver.citynews.ca/2024/02/07/vancouver-city-council-car-free-gastown/,https://council.vancouver.ca/20240207/documents/cfsc20240207min.pdf,9793,,TRUE
Removing Beach Avenue Bike Lane,Restoring two-way vehicle traffic on Beach Avenue near Stanley Park instead of a AAA bike route.,Transportation,2024-05-08,Fail,Pass,Council tried to kill the Beach Avenue bike lane but the Park Board managed to save it.,1,Supported,Absent,Proposed,Supported,Supported,Supported,Supported,Opposed,Opposed,Amended,Amended,,,https://vancouver.citynews.ca/2024/05/16/vancouvers-beach-avenue-reopening-to-two-way-traffic/,https://council.vancouver.ca/20240508/documents/pspc20240508min.pdf,9977,,TRUE
Imagine West End Waterfront Vision,"30-year plan to redesign and protect 90 acres of coastal parks, beaches, and street networks stretching between the Burrard Bridge and Stanley Park.",Urbanism,2024-05-08,Pass,Pass,"ABC killed the plan citing cost conerns for the $300 million, 30 year revitalization plan.",1,Opposed,Absent,Opposed,Opposed,Opposed,Opposed,Opposed,Opposed,Supported,Supported,Supported,,,https://vancouversun.com/news/local-news/vancouver-west-end-waterfront-fantasyland-vision,https://council.vancouver.ca/20240508/documents/pspc20240508min.pdf,9969,TRUE,TRUE
Citywide parking minimum removal,Eliminates mandatory minimum parking requirements for new development citywide.,Urbanism,2024-06-26,Pass,Pass,"6 months after removing parking minimums in the West End, Council eliminated minimum general-purpose parking requirements citywide.",2,Supported,Supported,Absent,Supported,Supported,Supported,Supported,Supported,Supported,Supported,Supported,,,https://globalnews.ca/news/10590288/vancouver-parking-minimums/,https://council.vancouver.ca/20240626/documents/cfsc20240626min.pdf,10108,,TRUE
Shared e-scooter pilot,Authorizes Vancouver's first shared e-scooter program.,Transportation,2024-07-10,Pass,Pass,Paving the way for Lime e-scooters in Vancouver.,2,Absent,Supported,Proposed,Supported,Supported,Supported,Supported,Absent,Supported,Supported,Absent,,,https://www.cbc.ca/news/canada/british-columbia/e-scooter-sharing-program-launches-in-east-vancouver-1.7322044,https://council.vancouver.ca/20240710/documents/pspc20240710min.pdf,10141,,TRUE
Allowing natural gas in new construction #1,Suprise amendment directing staff to change by-law to allow natural gas for heating and hot water in new construction,Environment,2024-07-23,Fail,Pass,"Directed staff to report back to council before Nov. 1, 2024 on a plan to implement the changes.",1,Supported,Proposed,Supported,Supported,Supported,Opposed,Opposed,Supported,Opposed,Opposed,Opposed,,,https://www.vancouverisawesome.com/local-news/vancouver-council-reverses-policy-on-natural-gas-ban-in-new-homes-brian-montague-9266339,https://council.vancouver.ca/20240723/documents/regu20240723min.pdf,10163,,TRUE
Pause Integrity Commissioner investigations,Temporarily pauses new and ongoing Integrity Commissioner investigations while Council reviews the office's scope and mandate.,Governance,2024-07-24,Fail,Pass,Council later backed down and allowed the commissioner's work to resume in late 2024.,3,Absent,Supported,Supported,Supported,Proposed,Supported,Supported,Absent,Absent,Opposed,Opposed,,,https://vancouver.citynews.ca/2024/07/29/vancouver-integrity-commissioner-pause-review/,https://council.vancouver.ca/20240724/documents/cfsc20240724min.pdf,10182,,TRUE
Dedicated bus lanes on priority routes,"Commits the city to adding 9 new priority bus lanes, at a rate of 2 per year. Corridors include: Main Street / Kingsway, 49th Ave, Marine Drive, and Hastings Street.",Transportation,2024-07-24,Pass,Pass,"Despite passing unanimously, no new bus lanes have been added yet. 49th Ave should open in 2027 but Hastings has been paused.",2,Absent,Absent,Proposed,Supported,Supported,Supported,Supported,Supported,Supported,Supported,Proposed,,,https://dailyhive.com/vancouver/vancouver-bus-lanes-implementation-delays,https://council.vancouver.ca/20240724/documents/cfsc20240724min.pdf,10178,,TRUE
Police access to traffic cameras,"Allows VPD access to city traffic cameras, raising major privacy and surveillance questions.",Safety,2024-10-23,Pass,Pass,Police can now access traffic camera feeds without a warrant,1,Supported,Proposed,Supported,Supported,Supported,Supported,Supported,Supported,Amended,Supported,Absent,,,https://vancouver.citynews.ca/2024/10/23/vancouver-city-council-police-access-traffic-camera-passed/,https://council.vancouver.ca/20241023/documents/pspc20241023min.pdf,10282,,TRUE
Scale back Water Street pilot,Reduces the scope of the Water Street pedestrian program to summer Sundays after the larger 2024 pilot.,Urbanism,2024-10-23,Fail,Pass,"Iin October 2024, Council decided to reduce the pedestrian zones to weekends only. Then, they further reduced it to Sundays only.",1,Supported,Supported,Proposed,Supported,Supported,Supported,Supported,Supported,Supported,Supported,Absent,,,https://www.ctvnews.ca/vancouver/article/vancouver-testing-two-way-traffic-on-cordova-while-limiting-gastown-car-free-days-to-once-weekly/,https://council.vancouver.ca/20250225/documents/regu20250225min.pdf,10531,,TRUE
Rental tower near Broadway,"2156-2174 West 14th Avenue. 17-storey, 170-home rental tower on a lower-density street under the Broadway Plan.",Housing,2024-11-26,Pass,Pass,One of 9 towers in the Broadway Plan with nearly 1500 rental homes approved in a few months.,1,Supported,Supported,Absent,Supported,Supported,Supported,Supported,Absent,Absent,Abstained,Absent,,,https://dailyhive.com/vancouver/broadway-plan-tower-approvals-vancouver-december-2024,https://council.vancouver.ca/20241126/documents/regu20241126min.pdf,10333,,TRUE
Allowing natural gas in new construction #2,By-law approval motion for the change proposed in July 2024.,Environment,2024-11-27,Fail,Fail,"After a huge public outcry and over 140 speakers, the majority on council votes not to reverse the gas ban.",1,Supported,Supported,Supported,Supported,Supported,Opposed,Opposed,Opposed,Opposed,Opposed,Absent,,,https://www.cbc.ca/news/canada/british-columbia/vancouver-councillors-vote-to-keep-natural-gas-heating-ban-1.7395652,https://council.vancouver.ca/20241127/documents/pspc20241127min.pdf,10351,,TRUE
2024 VPD budget adjustment,Approves a $2.1 million VPD budget increase and a one-time $11.2 million reallocation to address forecasted police-budget deficits.,Safety,2024-12-03,Pass,Pass,The final components passed with some councillors abstaining.,1,Supported,Supported,Abstained,Proposed,Supported,Supported,Absent,Absent,Abstained,Abstained,Absent,,,https://vancouver.citynews.ca/2024/10/02/vpd-10-million-over-budget-q2/,https://council.vancouver.ca/20241203/documents/spec20241203min.pdf,10371,,TRUE
2025 operating budget,"Sets the city's tax rate, service levels, police funding, and capital priorities for 2025.",Affordability,2024-12-10,Pass,Pass,The final budget passed with a 3.9% property-tax increase.,1,Supported,Supported,Supported,Supported,Supported,Supported,Absent,Supported,Supported,Supported,Absent,,,https://globalnews.ca/news/10910982/vancouver-budget-3-9-tax-hike/,https://council.vancouver.ca/20241210/documents/regu20241210min.pdf,10383,,TRUE
2025 VPD body-worn-camera budget increase,"Adds $2.64 million to the VPD budget, including ongoing and one-time funding for full implementation of body-worn cameras, plus related investigative and risk-management costs.",Safety,2024-12-10,Pass,Pass,Council approved the amendment as part of the 2025 budget.,2,Proposed,Supported,Supported,Supported,Supported,Supported,Absent,Supported,Supported,Supported,Absent,,,https://www.cbc.ca/news/canada/british-columbia/vancouver-police-budget-proposal-2025-1.7389904,https://council.vancouver.ca/20241210/documents/regu20241210min.pdf,10378,,TRUE
Bitcoin-friendly city,"Directs staff to examine whether the city could use, hold, or accept Bitcoin.",Governance,2024-12-11,Fail,Pass,Luckily Vancouver never ended up investing in Bitcoin.,1,Proposed,Supported,Supported,Supported,Supported,Supported,Absent,,Opposed,Opposed,,,,https://globalnews.ca/news/10913029/vancouver-bitcoin-motion-approved/,https://council.vancouver.ca/20241211/documents/cfsc20241211min.pdf,10418,,TRUE
Moratorium on new social housing,Pauses city contributions of land or funding for net-new supportive housing.,Housing,2025-02-26,Fail,Pass,"Vancouver has refused to add social housing since 2025. The pause was advertised as temporary, but a motion by Bligh in 2026 to reverse the ban was defeated by ABC.",2,Proposed,Supported,Supported,Supported,Supported,Supported,Opposed,Amended,Opposed,,,,,https://www.ctvnews.ca/vancouver/article/vancouver-city-council-to-debate-mayors-controversial-motion-to-stop-building-new-supportive-housing/,https://council.vancouver.ca/20250226/documents/pspc20250226min.pdf,10544,,TRUE
Tenant Advocacy Office,Would bring back a Tenant Advocacy Office to help renters understand and exercise their rights.,Affordability,2025-06-04,Pass,Fail,"In 2023,ABC Vancouver voted to defund the office, despite city staff recommending that the service be continued.",1,Absent,Opposed,Opposed,Absent,Opposed,Opposed,Absent,Supported,Supported,,,Proposed,Supported,https://vancouver.citynews.ca/2025/06/04/renter-office-motion-rejected/,https://council.vancouver.ca/20250604/documents/pspc20250604min.pdf,10761,,TRUE
Safeway Towers,"3 rental towers with more than 1,000 homes beside Commercial-Broadway Station, amid major affordability and scale concerns.",Housing,2025-06-10,Pass,Pass,"After nearly a decade of proposals, pushback and debate, the megatowers are finally approved.",2,Supported,Absent,Supported,Supported,Supported,Supported,Supported,Supported,Abstained,,,Supported,Opposed,https://globalnews.ca/news/11236071/commercial-broadway-towers-approved/,https://council.vancouver.ca/20250515/documents/phea20250515min.pdf,10766,,TRUE
School active-travel planning,"Expands school travel planning to help more children walk, cycle, and roll to school.",Transportation,2025-06-18,Pass,Pass,Currently 4 schools per year go through the program. This should increase that. Although Maloney's motion to double or triple the current rate failed.,1,Supported,Supported,Absent,Supported,Supported,Supported,Supported,Supported,Supported,,,Supported,Supported,https://visionzerovancouver.ca/2025/06/16/take-action-expanding-the-school-travel-planning-program/,https://council.vancouver.ca/20250618/documents/cfsc20250618min.pdf,10793,,TRUE
Renew Vancouver's Vision Zero plan,Approving Vancouver's Vision Zero Safe Mobility Plan,Safety,2025-07-09,Pass,Pass,"In principle at least, Vancouver City Hall is united in aiming to reduce traffic-related fatalities.",1,Absent,Supported,Supported,Supported,Supported,Supported,Supported,Supported,Supported,,,Proposed,Supported,https://vancouver.ca/news-calendar/vancouver-renews-commitment-to-eliminate-traffic-deaths-jun-2026.aspx,https://council.vancouver.ca/20250709/documents/pspc20250709min.pdf,10847,,TRUE
Safer Slower Streets - 30 km/h speed limits,Approves a phased program to lower local-street speeds to 30 km/h.,Transportation,2025-07-09,Pass,Pass,"Council unanimously approved a phased program to introduce 30 km/h neighbourhood slow zones, beginning in 25 neighbourhoods.",1,Absent,Supported,Supported,Supported,Supported,Supported,Supported,Supported,Proposed,,,Supported,Supported,https://vancouver.citynews.ca/2025/07/09/vancouver-city-council-speed-limit-reduction-meeting/,https://council.vancouver.ca/20250709/documents/pspc20250709min.pdf,10838,,TRUE
Council compensation disclosure,Requires public disclosure of total compensation received by Council members from taxpayer-funded and external sources.,Governance,2025-09-17,Pass,Pass,Open data source added with full enumeration for the mayor and council.,1,Proposed,Supported,Supported,Supported,Supported,Supported,Absent,Absent,Supported,,,Supported,Supported,https://vancouver.citynews.ca/2025/09/17/vancouver-mayor-ken-sim-pushes-for-compensation-transparency/,https://council.vancouver.ca/20250917/documents/pspc20250917min.pdf,10970,,TRUE
South Vancouver Greenway,Advances a transformative active-transportation pathway in South Vancouver.,Transportation,2025-09-17,Pass,Pass,Staff are now exploring a 9 km Greenway along the railway from Marine Drive Station to the River District.,1,Supported,Supported,Supported,Proposed,Supported,Supported,Supported,Absent,Supported,,,Supported,Supported,https://dailyhive.com/vancouver/south-vancouver-railway-bike-lane-proposal-mike-klassen,https://council.vancouver.ca/20250917/documents/pspc20250917min.pdf,10961,,TRUE
Protecting Independence of Integrity Commissioner,"Adopts direct structural safeguards protecting the Integrity Commissioner from political interference, including protections recommended by Reece Harding's independent review.",Governance,2025-10-08,Pass,Fail,The ABC majority used a strike-and-replace motion to direct staff to study the recommendations instead of immediately adopting structural firewalls.,2,Opposed,Opposed,Absent,Absent,Opposed,Amended,Opposed,Absent,Proposed,,,Supported,Supported,https://www.biv.com/news/economy-law-politics/vancouvers-first-ever-integrity-commissioner-to-make-exit-in-december-lisa-southern-11358221,https://council.vancouver.ca/20251008/documents/cfsc20251008min.pdf,11019,TRUE,TRUE
VanStat accountability pilot,Creates a pilot program using public performance tracking and regular review meetings to improve City-service accountability.,Governance,2025-10-08,Pass,Pass,"The motion carried; Fry abstained, Orr opposed, Klassen and Dominato were absent, and Maloney opposed.",1,Supported,Supported,Supported,Absent,Proposed,Supported,Absent,Supported,Abstained,,,Opposed,Opposed,,https://council.vancouver.ca/20251008/documents/cfsc20251008min.pdf,11013,,TRUE
UBCx commitment,Reaffirms support for extending rapid transit from UBC to the Millennium Line.,Transportation,2025-10-08,Pass,Pass,Council unanimously called for the Broadway SkyTrain extension to UBC to be accelerated.,1,Supported,Supported,Supported,Absent,Supported,Supported,Supported,Absent,Supported,,,Proposed,Supported,https://www.cbc.ca/news/canada/british-columbia/ubc-skytrain-9.6935653,https://council.vancouver.ca/20251008/documents/cfsc20251008min.pdf,11018,,TRUE
Safe Streets for Trick or Treat,"Considers simpler, safer temporary street closures for Halloween block parties.",Safety,2025-10-29,Pass,Fail,ABC used a strike-and-replace to refer this to staff for more study.,1,Absent,Amended,Opposed,Opposed,Opposed,Opposed,Absent,Absent,Supported,,,Proposed,Supported,https://vancouver.citynews.ca/2025/10/30/vancouver-city-council-rejects-safe-streets-for-trick-or-treats-motion/,https://council.vancouver.ca/20251029/documents/pspc20251029min.pdf,11067,TRUE,TRUE
Right to Cool for strata buildings,Giving tenants the right to install air conditioning,Housing,2025-11-05,Pass,Pass,Passed; Ken Sim and Lisa Dominato were absent.,1,Absent,Supported,Supported,Supported,Supported,Supported,Absent,Supported,Supported,,,Proposed,Proposed,https://vancouversun.com/news/local-news/vancouver-landlords-to-face-1000-fines-for-failing-to-allow-air-conditioners,https://council.vancouver.ca/20251105/documents/cfsc20251105min.pdf,11115,,TRUE
2026 Zero-Means-Zero Budget,Directs staff to prepare a 2026 budget with no property-tax increase.,Affordability,2025-11-25,Pass,Pass,The final 2026 operating budget froze property taxes at 2025 levels.,2,Proposed,Supported,Supported,Supported,Supported,Supported,Supported,Opposed,Opposed,,,Opposed,Opposed,https://globalnews.ca/news/11469811/vancouver-council-property-tax-freeze/,https://council.vancouver.ca/20251125/documents/regu20251125min.pdf,11164,,TRUE
2026 Budget - Cuts to Sustainability,Zero-means-zero budget with increases to the police budget and large cuts elsewhere.,Environment,2025-11-25,Fail,Pass,"$8.3 million cut to energy retrofits program, and large reductions to staff working on sustainability work.",2,Proposed,Supported,Supported,Supported,Supported,Supported,Supported,Opposed,Opposed,,,Opposed,Amended,https://stand.earth/insights/vancouver-mayor-ken-sims-budget-2026-city-council-climate-action/,https://council.vancouver.ca/20260520/documents/cfsc20260520min.pdf,11164,,TRUE
Vancouver Social Housing Initiative,"Replace site rezonings with citywide zoning for mixed-income social, supportive, and co-operative housing.",Housing,2025-12-09,Pass,Fail,Idea originally proposed by OneCity's Christine Boyle was defeated. A huge setback to the construction of new social housing in Vancouver.,3,Opposed,Opposed,Opposed,Opposed,Opposed,Opposed,Opposed,Absent,Supported,,,Proposed,Supported,https://vancouversun.com/news/vancouver-city-council-reject-fast-track-social-housing-towers,https://council.vancouver.ca/20251209/documents/regu20251209min.pdf,11191,,TRUE
Right-turn-on-red safety study,Directs staff to study restricting right turns on red where they conflict with pedestrian and cycling movements.,Transportation,2025-12-10,Pass,Pass,Council unanimously directed staff to assess right-turn-on-red restrictions at high-risk intersections.,1,Supported,Supported,Supported,Supported,Supported,Supported,Supported,Absent,Supported,,,Proposed,Supported,https://vancouversun.com/news/turning-right-on-a-red-light-should-vancouver-have-more-restrictions,https://council.vancouver.ca/20251210/documents/cfsc20251210min.pdf,11251,,TRUE
Fare-free transit route pilot,Asks senior governments to support a fare-free transit route pilot in Vancouver.,Transportation,2025-12-10,Pass,Fail,"Would have required Translink and the province's support, but failed to get backing of City Hall.",1,Opposed,Opposed,Opposed,Opposed,Opposed,Opposed,Absent,Absent,Supported,,,Supported,Proposed,https://dailyhive.com/vancouver/vancouver-translink-free-bus-routes-pilot-project-proposal,https://council.vancouver.ca/20251210/documents/cfsc20251210min.pdf,11255,,TRUE
Downtown Eastside housing implementation,"Changes zoning and related policies to accelerate SRO replacement, increase social housing, and create a $5 million Downtown Eastside Housing Revitalization Grant Program.",Housing,2025-12-11,Pass,Pass,"Rebecca Bligh, Pete Fry, Sean Orr, and Lucy Maloney opposed after failing to pass amendments to protect existing SROs.",1,Supported,Absent,Absent,Proposed,Supported,Supported,Supported,Amended,Opposed,,,Opposed,Opposed,https://globalnews.ca/news/11582536/vancouver-council-approves-dtes-changes-housing/,https://council.vancouver.ca/20251209/documents/phea20251209min.pdf,11268,,TRUE
Dim bright headlights,Asks senior governments to address increasingly bright vehicle headlights.,Safety,2026-01-21,Pass,Pass,"Council approved the motion, but it's up to the federal government to do something.",1,Supported,Absent,Supported,Supported,Supported,Supported,Supported,Supported,Supported,,,Supported,Proposed,https://www.cbc.ca/news/canada/british-columbia/vancouver-vehicle-headlight-brightness-safety-concerns-9.7061810,https://council.vancouver.ca/20260121/documents/pspc20260121min.pdf,11312,,TRUE
Priority snow removal on transit routes,Considers prioritizing snow clearing on routes heavily used by buses.,Transportation,2026-02-04,Pass,Fail,The motion to prioritize snow and ice removal at transit trouble spots lost.,1,Opposed,Opposed,Opposed,Opposed,Opposed,Absent,Opposed,Absent,Absent,,,Proposed,Supported,https://movementyvr.ca/vancouver-rejects-snow-removal-transit/,https://council.vancouver.ca/20260204/documents/cfsc20260204min.pdf,11371,,TRUE
Olympic Village School,"Rezoning that makes space for a 3-storey, 630 student school.",Urbanism,2026-02-07,Pass,Pass,"After over 20 years of planning, the Olympic Village will finally be getting a new school in 2029.",1,Supported,Supported,Supported,Supported,Supported,Supported,Supported,Supported,Absent,,,Supported,Supported,https://www.cbc.ca/news/canada/british-columbia/vancouver-olympic-village-school-council-vote-9.7085857,https://council.vancouver.ca/20260212/documents/phea20260212min.pdf,11427,,TRUE
$10-a-day childcare,Proposal to use city ownded land and rezonings to support $10-a-day childcare facilities.,Affordability,2026-02-25,Pass,Fail,Amended by ABC to instead ask the Province to fund more daycare spots.,1,Opposed,Opposed,Opposed,Amended,Opposed,Opposed,Absent,Supported,Absent,,,Supported,Proposed,https://www.bcpovertyreduction.ca/advocacy-and-impact/call-to-action-recommit-to-10-a-day-childcare-in-vancouver,https://council.vancouver.ca/20260225/documents/pspc20250225min.pdf,11423,TRUE,TRUE
Car Free Day emergency grant,"Provides $30,000 in emergency funding for Car Free festivals on Commerical and Main.",Urbanism,2026-03-10,Pass,Pass,Car Free Days was saved with the emergency funding.,1,Supported,Supported,Supported,Supported,Supported,Supported,Supported,Supported,Supported,,,Proposed,Proposed,https://www.cbc.ca/news/canada/british-columbia/car-free-days-funding-vancouver-9.7125152,https://council.vancouver.ca/20260310/documents/regu20260310min.pdf,11451,,TRUE
Official Development Plan,"Adopts Vancouver's long-term citywide land-use framework, guiding where housing, jobs, transportation, parks, and infrastructure can grow over the next 30 years.",Urbanism,2026-03-11,Pass,Pass,"Doesn't change anything on its own, but sets the framework for the next 30 years of growth in Vancouver.",2,Supported,Absent,Supported,Supported,Supported,Supported,Supported,Absent,Supported,,,Supported,Supported,https://www.cbc.ca/news/canada/british-columbia/vancouver-development-plan-public-hearing-9.7120814,https://council.vancouver.ca/20260310/documents/phea20260310min.pdf,11475,,TRUE
25-storey West End hotel,Considers a rezoning for a 25-storey hotel with restaurant space at 2028–2038 Barclay Street in the West End.,Urbanism,2026-03-12,Pass,Pass,Council voted to send the proposal back to staff to redesign with the developer.,1,Opposed,Opposed,Opposed,Opposed,Opposed,Opposed,Absent,Opposed,Absent,,,Supported,Opposed,https://www.ctvnews.ca/vancouver/article/vancouver-city-council-to-vote-on-25-storey-west-end-hotel-rezoning-project/,https://council.vancouver.ca/20260219/documents/phea20260219min.pdf,11476,TRUE,TRUE
Floating hotel at Canada Place,"Amends zoning to permit a 250-room floating hotel, new dock, public walkway, and commercial uses beside the Vancouver Convention Centre.",Urbanism,2026-04-14,Pass,Pass,A funky floating hotel is coming to Vancouver in 2027.,1,Absent,Supported,Supported,Supported,Supported,Supported,Supported,Absent,Supported,,,Supported,Opposed,https://vancouver.citynews.ca/video/2026/04/15/vancouver-city-council-approves-floating-hotel/,https://council.vancouver.ca/20260414/documents/phea20260414min.pdf,11538,,TRUE
Lower Speed Limits Downtown,Would have lowered the speed limit to 30 or 40km/h on select major roadways with high pedestrian activity downtown,Safety,2026-04-29,Pass,Fail,Amended out of the plan by ABC.,2,Opposed,Opposed,Opposed,Opposed,Opposed,Amended,Opposed,Supported,Absent,,,Proposed,Supported,https://visionzerovancouver.ca/2026/06/10/abc-guts-road-safety/,https://council.vancouver.ca/20260602/documents/regu20260602min.pdf,11729,TRUE,TRUE
Blocking OPS in downtown Vancouver,Directs staff to use all lawful city tools to prevent the opening of a proposed overdose prevention site at 900 Helmcken Street.,Safety,2026-05-05,Fail,Pass,Province ultimately cancelled the project in August 2026.,1,Proposed,Supported,Supported,Supported,Supported,Supported,Supported,Opposed,Opposed,,,Opposed,Opposed,https://vancouver.citynews.ca/2026/05/05/vancouver-proposed-overdose-prevention-site-mayor-motion/,https://council.vancouver.ca/20260505/documents/regu20260505min.pdf,11579,,TRUE
Allowing natural gas in new construction #3,Natural gas lobby convinces Mayor Ken Sim to allow natural gas back in the guise of affordability.,Environment,2026-05-21,Fail,Pass,"2 years after failing to reverse the natural gas ban, Ken Sim and FortisBC lobyists get their way. Also kills GHG reporting under Energize Vancouver.",3,Proposed,Supported,Supported,Supported,Supported,Supported,Supported,Opposed,Opposed,,,Amended,Amended,https://www.cbc.ca/news/canada/british-columbia/vancouver-mayor-building-codes-emissions-natural-gas-9.7208260,https://council.vancouver.ca/20260520/documents/cfsc20260520min.pdf,11666,,TRUE
Sanctioning Mayor Sim for Integrity Violation,Deciding whether to sanction Mayor Ken Sim after an independent investigation found that he misused the influence of his office and harassed Councillor Sean Orr.,Governance,2026-06-02,Pass,Fail,"Council imposed no sanctions and did not require an apology; the ABC majority questioned the investigation, while Mayor Sim was absent for a conflict of interest.",1,Absent,Amended,Opposed,Opposed,Opposed,Opposed,Opposed,Supported,Supported,,,Supported,Supported,https://thetyee.ca/News/2026/06/03/Vancouver-Council-Mayor-Harassing-Councillor/,https://council.vancouver.ca/20260602/documents/regu20260602min.pdf,11675,,TRUE
Low-income transit pass,"Calls for Vanvouver to fund a $25-a-month transit pass for people earning less than $40,000.",Affordability,2026-06-03,Pass,Pass,"ABC replaced the wording to only lobby senior governments, which passed unanimously.",1,Supported,Amended,Supported,Absent,Supported,Absent,Supported,Supported,Supported,,,Supported,Proposed,https://www.cbc.ca/news/canada/british-columbia/low-income-transit-pass-vancouver-9.7222730,https://council.vancouver.ca/20260603/documents/pspc20260603min.pdf,11707,TRUE,TRUE
Granville Street pedestrian-zone extension,Extends a pedestrianized Granville Street pilot beyond the FIFA World Cup period.,Urbanism,2026-07-02,Pass,Pass,$4.75M to keep the Granville Street pedestrian-zone going for 7 weeks.,1,Proposed,Supported,Supported,Supported,Supported,Supported,Supported,Opposed,Opposed,,,Supported,Absent,https://www.cbc.ca/news/canada/british-columbia/vancouver-extend-granville-street-pedestrian-zone-9.7256129,https://council.vancouver.ca/20260702/documents/spec20260702min.pdf,11759,,TRUE
VGH bike-lane redesign,"Directs staff to redesign the bike lane near Vancouver General Hospital, considering a bi-directional bike lane on the north side.",Transportation,2026-07-14,Fail,Pass,"After killing the idea of a bike lane on Broadway, ABC directed city staff to spend up to $20 million changing the design near the hospital.",1,Supported,Supported,Supported,Supported,Supported,Supported,Proposed,Supported,Supported,,,Opposed,Abstained,https://visionzerovancouver.ca/2026/07/30/abcs-latest-bike-lane-boondoggle/,https://council.vancouver.ca/20260714/documents/regu20260714min.pdf,11768,,TRUE
Holborn multi-block downtown redevelopment,"Approves a multi-block downtown redevelopment with three high-rise towers, a 920-room hotel, commercial space, and a linked 237-unit social-housing project at 388 Abbott Street.",Housing,2026-07-27,Pass,Pass,"Council approved the rezoning 7–3; Rebecca Bligh was absent, and Pete Fry, Lucy Maloney, and Sean Orr opposed.",1,Supported,Supported,Supported,Supported,Supported,Supported,Supported,Absent,Opposed,,,Opposed,Opposed,https://www.biv.com/news/economy-law-politics/vancouver-council-votes-7-3-to-approve-holborns-multi-block-development-12598791,https://council.vancouver.ca/20260723/documents/phea20260723min.pdf,11879,,TRUE
Villages Planning Program,"Plan designed to transform 17 small commercial nodes across the city into walkable, mixed-use community hubs.",Housing,2026-07-28,Pass,Fail,Failed under NIMBY opposition; only minor ODP changes and space-efficient stair amendments were approved.,3,Opposed,Opposed,Opposed,Opposed,Opposed,Opposed,Opposed,Opposed,Opposed,,,Supported,Opposed,https://www.cbc.ca/news/canada/british-columbia/vancouver-council-rejects-villages-plan-9.7288472,https://council.vancouver.ca/20260728/documents/regu20260728min.pdf,10256,,TRUE
Villages Planning Program,"Plan designed to transform 17 small commercial nodes across the city into walkable, mixed-use community hubs.",Urbanism,2026-07-28,Pass,Fail,Failed under NIMBY opposition; only minor ODP changes and space-efficient stair amendments were approved.,3,Opposed,Opposed,Opposed,Opposed,Opposed,Opposed,Opposed,Opposed,Opposed,,,Supported,Opposed,https://www.cbc.ca/news/canada/british-columbia/vancouver-council-rejects-villages-plan-9.7288472,https://council.vancouver.ca/20260728/documents/regu20260728min.pdf,10256,,TRUE
